{
  "device": "cuda",
  "labels": [
    "left_barrier",
    "tunnel_wall"
  ],
  "train_samples": 27,
  "val_samples": 7,
  "best_checkpoint": "runs/passable_ego/boundary_wall_aux_v2_no_testvideo/best_model.pt",
  "final_val": {
    "loss": 1.5130579471588135,
    "left_barrier_iou": 0.4962881317633388,
    "left_barrier_dice": 0.6633590432519422,
    "tunnel_wall_iou": 0.7307878035366517,
    "tunnel_wall_dice": 0.8444568444982516,
    "left_barrier_as_wall_rate": 4.2674902912871814e-05,
    "wall_as_left_barrier_rate": 0.00032811092198490466,
    "left_wall_overlap_rate": 1.3455871469334663e-11
  }
}