{
  "candidate_count": 27,
  "feasible_count": 27,
  "selected": {
    "angular_radps": 0.0,
    "linear_mps": 0.5,
    "max_risk": 0.10000000149011612,
    "min_clearance_m": 2.9000000000000004,
    "points_xyyaw_m": [
      [
        0.0,
        0.0,
        0.0
      ],
      [
        0.0,
        0.10000000149011612,
        0.0
      ],
      [
        0.0,
        0.20000000298023224,
        0.0
      ],
      [
        0.0,
        0.30000001192092896,
        0.0
      ],
      [
        0.0,
        0.4000000059604645,
        0.0
      ],
      [
        0.0,
        0.5,
        0.0
      ],
      [
        0.0,
        0.6000000238418579,
        0.0
      ],
      [
        0.0,
        0.699999988079071,
        0.0
      ],
      [
        0.0,
        0.800000011920929,
        0.0
      ],
      [
        0.0,
        0.8999999761581421,
        0.0
      ],
      [
        0.0,
        1.0,
        0.0
      ]
    ],
    "score": 1.1999999970197677
  },
  "source_frame": "335344_f000030"
}